City_ID,City,Country,Date,Lat,Lng,Max Temp,Humidity,Cloudiness,Wind Speed
0,Butaritari,KI,2020-12-03 15:16:09,3.07,172.79,80.76,82,20,13.38
1,Longyearbyen,SJ,2020-12-03 15:15:39,78.22,15.64,19.4,67,75,26.4
2,Rochegda,RU,2020-12-03 15:17:13,62.8,43.25,21.9,97,86,7.34
3,Tiznit,MA,2020-12-03 15:17:14,29.58,-9.5,63.9,52,27,10.71
4,Malakal,SS,2020-12-03 15:16:52,9.53,31.66,92.7,16,0,4.21
5,Mataura,NZ,2020-12-03 15:16:00,-46.19,168.86,52.0,74,92,8.99
6,Arraial Do Cabo,BR,2020-12-03 15:16:11,-22.97,-42.03,87.8,66,40,12.75
7,Tessalit,ML,2020-12-03 15:16:06,20.2,1.01,93.38,11,0,6.91
8,New Norfolk,AU,2020-12-03 15:16:09,-42.78,147.06,54.0,66,89,5.01
9,Bredasdorp,ZA,2020-12-03 15:16:08,-34.53,20.04,71.6,53,0,12.75
10,Vaini,TO,2020-12-03 15:16:05,-21.2,-175.2,73.4,88,75,4.7
11,Carnarvon,AU,2020-12-03 15:15:52,-24.87,113.63,71.6,88,0,20.8
12,Busselton,AU,2020-12-03 15:16:08,-33.65,115.33,55.99,80,0,5.01
13,Kaitangata,NZ,2020-12-03 15:16:26,-46.28,169.85,51.01,70,100,4.0
14,Georgetown,MY,2020-12-03 15:15:57,5.41,100.34,78.8,88,40,6.93
15,Hithadhoo,MV,2020-12-03 15:16:07,-0.6,73.08,83.14,76,37,19.22
16,Hasaki,JP,2020-12-03 15:16:16,35.73,140.83,45.0,100,20,6.93
17,Hobart,AU,2020-12-03 15:17:15,-42.88,147.33,55.4,62,40,10.29
18,Lishu,CN,2020-12-03 15:17:15,43.3,124.33,12.67,94,0,9.13
19,Husavik,IS,2020-12-03 15:16:28,66.04,-17.34,24.8,85,90,28.86
20,Barrow,US,2020-12-03 15:16:10,71.29,-156.79,12.2,78,90,9.17
21,Saldanha,ZA,2020-12-03 15:16:13,-33.01,17.94,77.0,31,0,26.4
22,Kapaa,US,2020-12-03 15:14:52,22.08,-159.32,68.0,88,1,10.29
23,Kamaishi,JP,2020-12-03 15:14:22,39.27,141.88,36.99,79,11,9.08
24,Lebu,CL,2020-12-03 15:16:32,-37.62,-73.65,56.68,61,48,19.35
25,Broome,US,2020-12-03 15:16:10,42.25,-75.83,36.0,74,1,6.93
26,Naryan-Mar,RU,2020-12-03 15:17:15,67.67,53.09,30.02,97,100,19.8
27,Punta Arenas,CL,2020-12-03 15:15:56,-53.15,-70.92,46.4,52,75,19.46
28,Castro,BR,2020-12-03 15:17:16,-24.79,-50.01,68.85,91,100,8.63
29,Bengkulu,ID,2020-12-03 15:16:27,-3.8,102.27,77.07,79,99,5.06
30,Morant Bay,JM,2020-12-03 15:16:58,17.88,-76.41,80.01,83,40,10.29
31,Nicoya,CR,2020-12-03 15:15:02,10.15,-85.45,78.8,78,75,3.36
32,Emborion,GR,2020-12-03 15:17:16,40.48,21.55,48.0,100,90,4.63
33,Sao Joao Da Barra,BR,2020-12-03 15:12:30,-21.64,-41.05,84.2,66,20,9.17
34,Port Alfred,ZA,2020-12-03 15:16:01,-33.59,26.89,66.7,65,0,14.7
35,Port Blair,IN,2020-12-03 15:15:18,11.67,92.75,81.09,80,58,6.89
36,Gushi,CN,2020-12-03 15:17:16,34.64,109.58,30.45,95,82,0.98
37,Marsh Harbour,BS,2020-12-03 15:17:16,26.54,-77.06,69.94,61,3,17.2
38,Kruisfontein,ZA,2020-12-03 15:16:32,-34.0,24.73,71.01,49,0,8.01
39,Ribeira Grande,PT,2020-12-03 15:16:22,38.52,-28.7,62.6,63,20,16.11
40,Korsakov,RU,2020-12-03 15:17:17,46.63,142.78,12.2,92,20,4.47
41,Hami,CN,2020-12-03 15:16:12,42.8,93.45,19.85,80,0,4.07
42,Katsuura,JP,2020-12-03 15:17:17,35.13,140.3,50.0,87,20,11.41
43,Mar Del Plata,AR,2020-12-03 15:14:45,-38.0,-57.56,69.8,49,0,9.17
44,Saskylakh,RU,2020-12-03 15:16:03,71.92,114.08,6.75,94,100,11.34
45,Atuona,PF,2020-12-03 15:17:17,-9.8,-139.03,77.65,80,22,17.4
46,Te Anau,NZ,2020-12-03 15:16:14,-45.42,167.72,46.27,83,75,6.46
47,Aklavik,CA,2020-12-03 15:16:42,68.22,-135.01,23.0,100,75,2.24
48,Kodiak,US,2020-12-03 15:16:15,57.79,-152.41,24.8,68,1,6.93
49,Muravlenko,RU,2020-12-03 15:17:17,63.79,74.52,9.93,95,99,13.31
50,Chokurdakh,RU,2020-12-03 15:16:10,70.63,147.92,-10.25,91,91,3.24
51,Torbay,CA,2020-12-03 15:16:20,47.67,-52.73,55.4,100,90,25.28
52,Waipawa,NZ,2020-12-03 15:16:27,-41.41,175.52,57.2,76,30,20.8
53,Berlevag,NO,2020-12-03 15:16:06,70.86,29.09,37.4,80,75,34.45
54,Nanortalik,GL,2020-12-03 15:16:04,60.14,-45.24,32.94,78,100,19.13
55,Akola,IN,2020-12-03 15:17:18,20.73,77.0,72.63,30,100,5.32
56,Cape Town,ZA,2020-12-03 15:16:03,-33.93,18.42,69.01,64,0,27.51
57,Qui Nhon,VN,2020-12-03 15:17:18,13.77,109.23,71.76,79,41,20.8
58,Winneba,GH,2020-12-03 15:17:05,5.35,-0.62,87.8,66,57,14.99
59,Thompson,CA,2020-12-03 15:12:31,55.74,-97.86,17.6,92,75,3.36
60,Sao Filipe,CV,2020-12-03 15:16:07,14.9,-24.5,76.05,76,100,8.34
61,Victoria,HK,2020-12-03 15:16:02,22.29,114.16,61.0,67,25,1.01
62,Nuuk,GL,2020-12-03 15:12:46,64.18,-51.72,24.8,45,75,21.92
63,Severo-Kurilsk,RU,2020-12-03 15:16:15,50.68,156.12,25.56,90,79,10.22
64,Klaksvik,FO,2020-12-03 15:16:31,62.23,-6.59,33.8,65,100,4.7
65,Bubaque,GW,2020-12-03 15:16:54,11.28,-15.83,81.16,52,5,3.65
66,Nelson Bay,AU,2020-12-03 15:17:19,-32.72,152.15,70.0,94,97,7.02
67,Vila,PT,2020-12-03 15:16:43,42.03,-8.16,45.0,89,100,8.99
68,Katangli,RU,2020-12-03 15:16:57,51.71,143.23,8.62,88,37,12.03
69,Ponta Do Sol,PT,2020-12-03 15:16:06,32.67,-17.1,69.01,72,40,18.34
70,Kovylkino,RU,2020-12-03 15:17:20,54.04,43.91,11.93,92,91,7.38
71,Manzil Kamil,TN,2020-12-03 15:17:20,35.62,10.67,59.0,58,40,20.8
72,Naze,JP,2020-12-03 15:16:47,28.37,129.48,64.4,82,75,24.16
73,East London,ZA,2020-12-03 15:16:03,-33.02,27.91,69.8,60,40,9.17
74,Rikitea,PF,2020-12-03 15:17:20,-23.12,-134.97,75.67,71,1,3.65
75,Lorengau,PG,2020-12-03 15:16:47,-2.02,147.27,81.07,75,100,1.99
76,Luanda,AO,2020-12-03 15:16:07,-8.84,13.23,77.0,88,75,6.93
77,Hilo,US,2020-12-03 15:15:57,19.73,-155.09,71.6,68,75,5.82
78,Coahuayana,MX,2020-12-03 15:17:20,18.73,-103.68,69.8,73,75,11.41
79,Batagay,RU,2020-12-03 15:17:21,67.63,134.63,-23.12,81,99,4.18
80,Isangel,VU,2020-12-03 15:16:05,-19.55,169.27,75.09,82,100,9.93
81,Shelburne,CA,2020-12-03 15:17:21,44.08,-80.2,35.6,80,90,12.75
82,Talnakh,RU,2020-12-03 15:16:22,69.49,88.4,10.4,85,75,4.47
83,Bathsheba,BB,2020-12-03 15:16:48,13.22,-59.52,80.29,76,27,15.84
84,Cidreira,BR,2020-12-03 15:16:25,-30.18,-50.21,77.85,73,71,18.1
85,Tuktoyaktuk,CA,2020-12-03 15:16:07,69.45,-133.04,30.2,92,90,8.05
86,Clyde River,CA,2020-12-03 15:16:06,70.47,-68.59,17.6,85,75,8.05
87,Margate,GB,2020-12-03 15:16:35,51.38,1.39,45.0,89,100,8.01
88,Upernavik,GL,2020-12-03 15:16:04,72.79,-56.15,17.73,85,100,10.18
89,Avarua,CK,2020-12-03 15:16:04,-21.21,-159.78,73.4,100,71,3.36
90,Nikolskoye,RU,2020-12-03 15:17:22,59.7,30.79,28.4,86,75,11.18
91,Lamu,KE,2020-12-03 15:15:00,-2.27,40.9,80.6,88,20,13.31
92,Fairbanks,US,2020-12-03 15:17:22,64.84,-147.72,10.0,89,100,4.68
93,Mahebourg,MU,2020-12-03 15:16:45,-20.41,57.7,78.8,78,40,8.05
94,Biltine,TD,2020-12-03 15:17:22,14.53,20.92,91.02,11,0,7.43
95,Jamestown,US,2020-12-03 15:16:31,42.1,-79.24,34.0,74,1,10.29
96,Peniche,PT,2020-12-03 15:16:16,39.36,-9.38,60.01,61,33,5.01
97,Harper,LR,2020-12-03 15:17:22,4.38,-7.72,82.8,73,51,6.76
98,Chapais,CA,2020-12-03 15:17:23,49.78,-74.85,10.4,85,90,10.29
99,Tupik,RU,2020-12-03 15:17:24,54.43,119.93,9.01,89,85,4.45
100,Bluff,NZ,2020-12-03 15:16:11,-46.6,168.33,52.0,74,99,8.99
101,Yulara,AU,2020-12-03 15:16:02,-25.24,130.99,86.0,19,48,11.41
102,Swan Hill,AU,2020-12-03 15:17:24,-35.34,143.55,66.04,29,0,10.2
103,Albany,US,2020-12-03 15:15:24,42.6,-73.97,42.01,47,23,6.93
104,Ushuaia,AR,2020-12-03 15:15:59,-54.8,-68.3,37.4,69,75,17.22
105,Laguna De Perlas,NI,2020-12-03 15:17:25,12.34,-83.67,73.4,100,75,9.26
106,Porto Nacional,BR,2020-12-03 15:17:25,-10.71,-48.42,89.6,59,40,9.17
107,Saint-Pierre,RE,2020-12-03 15:16:19,-21.34,55.48,80.6,78,40,1.12
108,Puerto Ayora,EC,2020-12-03 15:16:04,-0.74,-90.35,73.0,94,75,13.87
109,San Jose,US,2020-12-03 15:12:47,37.34,-121.89,46.0,70,75,0.49
110,Saint-Joseph,RE,2020-12-03 15:17:25,-21.37,55.62,80.6,78,40,1.12
111,Ormara,PK,2020-12-03 15:17:25,25.21,64.64,77.67,52,0,6.71
112,Lompoc,US,2020-12-03 15:14:53,34.64,-120.46,44.6,93,40,5.82
113,Springdale,US,2020-12-03 15:15:41,36.19,-94.13,39.99,100,90,5.82
114,Ixtapa,MX,2020-12-03 15:16:50,20.7,-105.2,75.0,88,5,3.36
115,Provideniya,RU,2020-12-03 15:16:06,64.38,-173.3,10.69,84,0,4.09
116,Karratha,AU,2020-12-03 15:17:26,-20.74,116.85,83.46,66,3,5.66
117,Bethel,US,2020-12-03 15:14:43,41.37,-73.41,39.0,64,2,1.01
118,Leningradskiy,RU,2020-12-03 15:16:45,69.38,178.42,-7.13,79,0,5.77
119,Leh,IN,2020-12-03 15:16:29,34.17,77.58,17.35,65,48,2.68
120,Kropotkin,RU,2020-12-03 15:17:26,45.44,40.58,41.65,74,15,15.79
121,Alofi,NU,2020-12-03 15:17:26,-19.06,-169.92,73.4,100,65,5.82
122,Mount Isa,AU,2020-12-03 15:17:26,-20.73,139.5,95.0,24,45,8.05
123,Pemberton,CA,2020-12-03 15:15:04,50.32,-122.8,23.0,100,20,0.51
124,Cherskiy,RU,2020-12-03 15:16:24,68.75,161.3,-16.67,85,42,4.81
125,Yellowknife,CA,2020-12-03 15:16:19,62.46,-114.35,23.0,100,5,11.41
126,Arica,CL,2020-12-03 15:15:07,-18.48,-70.3,70.0,64,90,8.05
127,Montepuez,MZ,2020-12-03 15:17:27,-13.13,39.0,89.04,36,74,2.95
128,Touros,BR,2020-12-03 15:16:03,-5.2,-35.46,86.0,70,75,14.99
129,Isiro,CD,2020-12-03 15:17:27,2.77,27.62,83.28,57,57,2.98
130,Bambous Virieux,MU,2020-12-03 15:16:34,-20.34,57.76,79.0,78,40,8.05
131,Dikson,RU,2020-12-03 15:16:24,73.51,80.55,18.59,92,100,5.99
132,Guerrero Negro,MX,2020-12-03 15:16:24,27.98,-114.06,57.67,41,52,3.62
133,Beroroha,MG,2020-12-03 15:17:27,-21.67,45.17,84.09,59,86,7.78
134,Olecko,PL,2020-12-03 15:17:28,54.03,22.51,29.44,95,60,15.82
135,Avera,US,2020-12-03 15:16:00,33.19,-82.53,41.0,80,1,4.76
136,Ahuimanu,US,2020-12-03 15:17:28,21.44,-157.84,69.8,88,1,6.15
137,Praia Da Vitoria,PT,2020-12-03 15:16:13,38.73,-27.07,62.01,67,75,17.87
138,Fortuna,US,2020-12-03 15:16:17,40.6,-124.16,44.01,93,30,2.77
139,San Patricio,US,2020-12-03 15:16:05,28.02,-97.52,48.99,61,20,9.17
140,Lakes Entrance,AU,2020-12-03 15:17:28,-37.88,147.98,52.0,93,23,5.59
141,Hambantota,LK,2020-12-03 15:17:28,6.12,81.12,82.4,78,75,5.82
142,San Policarpo,PH,2020-12-03 15:17:28,12.18,125.51,81.63,86,76,8.05
143,Listvyanka,RU,2020-12-03 15:17:28,51.85,104.87,-0.4,91,90,4.47
144,Ilulissat,GL,2020-12-03 15:16:05,69.22,-51.1,8.6,60,5,33.33
145,Ostrovnoy,RU,2020-12-03 15:17:28,68.05,39.51,29.1,94,57,29.17
146,Cowra,AU,2020-12-03 15:17:29,-33.83,148.68,57.99,69,70,1.45
147,Saint Anthony,US,2020-12-03 15:17:29,45.02,-93.22,28.99,79,1,8.05
148,Nishihara,JP,2020-12-03 15:17:29,26.18,127.76,66.2,93,90,14.99
149,El Tigre,VE,2020-12-03 15:17:29,8.89,-64.25,83.61,51,2,10.36
150,Onguday,RU,2020-12-03 15:17:29,50.75,86.15,10.49,74,0,1.63
151,Fare,PF,2020-12-03 15:17:29,-16.7,-151.02,79.95,78,13,15.99
152,Jorpeland,NO,2020-12-03 15:17:29,59.02,6.04,41.0,86,75,11.41
153,Tuatapere,NZ,2020-12-03 15:16:16,-46.13,167.68,52.0,74,71,8.99
154,Iqaluit,CA,2020-12-03 15:16:30,63.75,-68.51,23.0,67,90,12.75
155,Araouane,ML,2020-12-03 15:16:58,18.9,-3.53,95.61,10,0,5.35
156,Faya,SA,2020-12-03 15:16:42,18.39,42.45,68.0,72,20,12.75
157,Manokwari,ID,2020-12-03 15:17:29,-0.87,134.08,79.57,82,95,4.16
158,Tilichiki,RU,2020-12-03 15:17:29,60.47,166.1,6.71,91,100,10.56
159,Chisindia,RO,2020-12-03 15:17:30,46.28,22.1,45.0,56,0,12.75
160,Sitka,US,2020-12-03 15:16:14,57.05,-135.33,44.6,93,90,10.29
161,Ahipara,NZ,2020-12-03 15:16:17,-35.17,173.17,54.07,80,40,6.49
162,Alice Springs,AU,2020-12-03 15:16:26,-23.7,133.88,82.99,17,2,8.05
163,Hamilton,US,2020-12-03 15:15:05,39.18,-84.53,35.01,80,90,3.36
164,Alekseyevka,RU,2020-12-03 15:17:30,50.63,38.69,25.88,88,100,13.47
165,Mount Gambier,AU,2020-12-03 15:16:02,-37.83,140.77,44.6,93,1,2.24
166,Yazman,PK,2020-12-03 15:17:30,29.12,71.74,70.02,21,0,3.13
167,Great Yarmouth,GB,2020-12-03 15:17:30,52.61,1.73,45.0,87,90,12.75
168,Pevek,RU,2020-12-03 15:16:42,69.7,170.31,-13.94,86,0,6.76
169,Nuevo Laredo,MX,2020-12-03 15:15:43,27.48,-99.52,44.6,45,75,11.41
170,Astakos,GR,2020-12-03 15:17:31,38.54,21.08,62.6,93,75,15.28
171,Germenchik,RU,2020-12-03 15:17:31,43.59,43.77,32.0,86,90,4.47
172,Exeter,GB,2020-12-03 15:17:31,50.72,-3.53,42.8,87,20,6.93
173,Boende,CD,2020-12-03 15:17:31,-0.22,20.87,88.21,51,69,1.21
174,Palmer,US,2020-12-03 15:16:13,42.16,-72.33,41.0,64,20,3.36
175,Ambilobe,MG,2020-12-03 15:16:25,-13.2,49.05,80.58,71,100,2.89
176,Kavaratti,IN,2020-12-03 15:16:51,10.57,72.64,82.29,75,99,10.42
177,Poum,NC,2020-12-03 15:17:31,-20.23,164.02,77.38,79,1,14.2
178,Port Elizabeth,ZA,2020-12-03 15:12:30,-33.92,25.57,68.0,60,0,16.11
179,Pangkalanbuun,ID,2020-12-03 15:17:31,-2.68,111.62,76.62,91,100,2.68
180,Xingcheng,CN,2020-12-03 15:16:24,40.62,120.72,25.66,80,0,5.53
181,Shirokiy,RU,2020-12-03 15:17:32,49.76,129.52,2.75,93,0,6.44
182,San Onofre,CO,2020-12-03 15:17:32,9.74,-75.53,83.61,75,29,4.97
183,Luderitz,NA,2020-12-03 15:16:35,-26.65,15.16,71.17,52,0,22.66
184,Deputatskiy,RU,2020-12-03 15:17:32,69.3,139.9,-19.59,86,0,1.41
185,Immokalee,US,2020-12-03 15:17:32,26.42,-81.42,70.0,64,1,10.29
186,Olafsvik,IS,2020-12-03 15:16:32,64.89,-23.71,22.1,88,15,30.94
187,Tema,GH,2020-12-03 15:17:32,5.67,-0.02,87.8,66,41,14.99
188,Christchurch,NZ,2020-12-03 15:12:11,-43.53,172.63,53.01,93,1,2.24
189,Cayenne,GF,2020-12-03 15:15:58,4.93,-52.33,87.8,66,40,12.75
190,Poplar Bluff,US,2020-12-03 15:17:32,36.76,-90.39,39.99,74,90,2.75
191,Omboue,GA,2020-12-03 15:16:48,-1.57,9.26,81.34,74,6,7.83
192,Culebra,PR,2020-12-03 15:17:32,18.3,-65.3,80.6,61,40,9.17
193,Mitsamiouli,KM,2020-12-03 15:16:21,-11.38,43.28,82.26,75,100,11.41
194,Strai,NO,2020-12-03 15:17:33,58.2,7.9,39.99,86,75,11.41
195,Conde,BR,2020-12-03 15:17:33,-7.26,-34.91,84.2,74,75,11.41
196,Grindavik,IS,2020-12-03 15:16:21,63.84,-22.43,24.8,62,75,39.15
197,Samarai,PG,2020-12-03 15:16:37,-10.62,150.67,81.41,80,100,10.22
198,Shenzhen,CN,2020-12-03 15:15:07,22.55,114.07,60.01,76,12,3.0
199,Cabedelo,BR,2020-12-03 15:17:33,-6.98,-34.83,84.2,74,75,11.41
200,Atasu,KZ,2020-12-03 15:17:00,48.68,71.64,14.54,97,99,3.62
201,Pisco,PE,2020-12-03 15:16:32,-13.7,-76.22,69.01,77,0,5.82
202,Hermanus,ZA,2020-12-03 15:16:05,-34.42,19.23,72.0,59,0,8.01
203,Lagoa,PT,2020-12-03 15:17:33,39.05,-27.98,58.3,76,100,19.04
204,Shellbrook,CA,2020-12-03 15:17:33,53.22,-106.4,12.2,92,20,4.7
205,Jonkoping,SE,2020-12-03 15:17:34,57.78,14.16,33.01,88,75,11.41
206,Puerto Del Rosario,ES,2020-12-03 15:14:29,28.5,-13.86,69.8,73,40,3.36
207,Hobyo,SO,2020-12-03 15:16:39,5.35,48.53,80.38,76,16,15.23
208,Lusambo,CD,2020-12-03 15:17:34,-4.97,23.45,75.72,92,100,2.06
209,Nizwa,OM,2020-12-03 15:17:34,22.93,57.53,73.72,34,0,1.03
210,Benguela,AO,2020-12-03 15:17:34,-12.58,13.41,82.4,69,75,9.17
211,Kambove,CD,2020-12-03 15:17:34,-10.88,26.6,65.66,98,98,4.92
212,Balabac,PH,2020-12-03 15:17:34,7.99,117.06,81.43,82,90,6.22
213,Ponta Delgada,PT,2020-12-03 15:17:25,37.73,-25.67,60.8,72,75,12.75
214,Wewak,PG,2020-12-03 15:17:34,-3.55,143.63,79.0,81,97,3.62
215,Armizonskoye,RU,2020-12-03 15:17:34,55.95,67.67,1.81,91,0,3.83
216,Abu Samrah,SY,2020-12-03 15:17:34,35.3,37.18,57.06,52,0,9.01
217,Atambua,ID,2020-12-03 15:17:35,-9.11,124.89,76.23,88,99,2.44
218,Hargeysa,SO,2020-12-03 15:17:35,9.56,44.06,70.61,69,74,12.95
219,San Agustin,MX,2020-12-03 15:17:35,20.53,-103.47,60.01,71,40,1.9
220,Saint-Philippe,RE,2020-12-03 15:16:12,-21.36,55.77,80.6,78,40,1.12
221,Tasiilaq,GL,2020-12-03 15:15:57,65.61,-37.64,15.8,56,20,4.7
222,Huarmey,PE,2020-12-03 15:16:55,-10.07,-78.15,70.59,68,95,8.68
223,Petropavlovsk-Kamchatskiy,RU,2020-12-03 15:17:35,53.05,158.65,5.0,71,86,11.18
224,Catuday,PH,2020-12-03 15:17:36,16.29,119.81,80.13,83,99,21.23
225,Wanning,CN,2020-12-03 15:16:30,18.8,110.4,64.98,76,50,11.63
226,Kutum,SD,2020-12-03 15:17:36,14.2,24.67,79.75,16,0,5.37
227,Diamantino,BR,2020-12-03 15:17:36,-14.41,-56.45,95.92,36,13,7.38
228,Acapulco,MX,2020-12-03 15:16:36,16.86,-99.89,75.2,88,75,2.46
229,Qaanaaq,GL,2020-12-03 15:16:03,77.48,-69.36,1.0,89,100,2.19
230,Adrar,MR,2020-12-03 15:16:07,20.5,-10.07,87.89,15,100,4.74
231,Bandarbeyla,SO,2020-12-03 15:16:45,9.49,50.81,77.32,78,37,13.2
232,Khatanga,RU,2020-12-03 15:15:58,71.97,102.5,4.86,94,100,17.45
233,Sarangani,PH,2020-12-03 15:17:36,5.4,125.46,83.55,80,100,12.01
234,Egvekinot,RU,2020-12-03 15:17:36,66.32,-179.17,-7.1,91,70,0.09
235,San Rafael,AR,2020-12-03 15:17:36,-34.62,-68.33,72.99,20,0,16.58
236,Inhambane,MZ,2020-12-03 15:16:47,-23.86,35.38,78.8,54,20,9.17
237,Zhigansk,RU,2020-12-03 15:17:37,66.77,123.37,-3.3,92,100,15.75
238,Appleton,US,2020-12-03 15:15:00,44.26,-88.42,34.0,78,87,1.99
239,Kurayoshi,JP,2020-12-03 15:17:37,35.43,133.82,48.2,49,75,9.17
240,Joshimath,IN,2020-12-03 15:17:37,30.57,79.57,42.71,44,0,6.26
241,Baft,IR,2020-12-03 15:17:37,29.23,56.61,55.06,48,65,5.23
242,Sorland,NO,2020-12-03 15:16:15,67.67,12.69,41.0,80,90,26.4
243,Laguna,US,2020-12-03 15:16:21,38.42,-121.42,39.2,62,1,3.62
244,Norman Wells,CA,2020-12-03 15:16:13,65.28,-126.83,48.2,49,75,3.36
245,Maraba,BR,2020-12-03 15:17:41,-5.37,-49.12,87.8,62,75,8.05
246,Mogadishu,SO,2020-12-03 15:16:06,2.04,45.34,80.47,74,99,15.37
247,Vila Velha,BR,2020-12-03 15:12:33,-20.33,-40.29,87.01,66,20,17.22
248,Bam,IR,2020-12-03 15:17:42,29.11,58.36,64.53,38,2,4.74
249,Kontagora,NG,2020-12-03 15:16:57,10.4,5.47,98.37,9,0,7.43
250,Bereda,ES,2020-12-03 15:17:42,43.27,-7.54,50.0,100,100,13.0
251,Port-Gentil,GA,2020-12-03 15:15:07,-0.72,8.78,86.0,74,40,14.99
252,Wilmington,US,2020-12-03 15:16:08,34.23,-77.94,53.01,51,1,3.98
253,Taitung,TW,2020-12-03 15:17:42,22.76,121.14,67.57,76,100,21.25
254,Aktau,KZ,2020-12-03 15:14:51,43.65,51.2,24.8,73,0,13.42
255,Arlit,NE,2020-12-03 15:17:43,18.74,7.39,92.23,16,0,9.46
256,Fukue,JP,2020-12-03 15:17:43,32.69,128.84,53.1,61,27,19.53
257,Flinders,AU,2020-12-03 15:16:33,-34.58,150.86,64.99,87,96,1.01
258,Chara,RU,2020-12-03 15:17:43,56.91,118.26,7.18,83,100,5.03
259,San Juan,AR,2020-12-03 15:12:44,-31.54,-68.54,84.67,19,0,16.98
260,Tarrafal,CV,2020-12-03 15:17:43,15.28,-23.77,82.4,54,75,11.41
261,Bundaberg,AU,2020-12-03 15:17:43,-24.85,152.35,73.4,78,75,4.7
262,Turukhansk,RU,2020-12-03 15:16:37,65.82,87.98,7.56,95,100,9.35
263,Kasempa,ZM,2020-12-03 15:17:43,-13.46,25.83,74.73,83,96,3.06
264,Muros,ES,2020-12-03 15:17:00,42.78,-9.06,55.0,82,100,18.01
265,Dunedin,NZ,2020-12-03 15:15:26,-45.87,170.5,54.0,49,100,3.0
266,Barwadih,IN,2020-12-03 15:17:43,23.83,84.12,60.15,53,0,3.51
267,Kismayo,SO,2020-12-03 15:17:44,-0.36,42.55,80.62,76,97,14.7
268,Kirakira,SB,2020-12-03 15:17:44,-10.45,161.92,76.35,74,100,6.15
269,Nouakchott,MR,2020-12-03 15:17:44,18.09,-15.98,82.4,42,84,13.87
270,Fonte Boa,BR,2020-12-03 15:17:44,-2.5,-66.27,89.28,58,94,3.89
271,Labuhan,ID,2020-12-03 15:16:23,-6.88,112.21,79.74,86,100,8.32
272,Chernyshevskiy,RU,2020-12-03 15:17:44,63.01,112.47,7.47,94,100,12.95
273,Ipixuna,BR,2020-12-03 15:17:44,-1.76,-48.8,87.8,58,40,14.99
274,Port Hardy,CA,2020-12-03 15:16:20,50.7,-127.42,48.2,81,90,3.36
275,Wynyard,AU,2020-12-03 15:17:44,-41.0,145.72,48.99,89,80,1.01
276,Kaeo,NZ,2020-12-03 15:16:04,-35.1,173.78,50.0,89,21,3.18
277,Le Vauclin,MQ,2020-12-03 15:17:45,14.55,-60.84,78.8,78,90,11.41
278,Camocim,BR,2020-12-03 15:17:45,-2.9,-40.84,90.66,50,64,17.25
279,Tazovskiy,RU,2020-12-03 15:15:57,67.47,78.7,9.28,96,89,7.76
280,Mandan,US,2020-12-03 15:17:47,46.83,-100.89,28.0,73,1,14.99
281,Xiaoweizhai,CN,2020-12-03 15:15:21,26.19,107.51,36.64,89,100,4.68
282,Phagwara,IN,2020-12-03 15:17:48,31.22,75.77,69.01,61,0,3.11
283,Taltal,CL,2020-12-03 15:16:27,-25.4,-70.48,64.47,64,54,5.84
284,Kavieng,PG,2020-12-03 15:16:11,-2.57,150.8,80.26,82,96,5.5
285,Sur,OM,2020-12-03 15:17:48,22.57,59.53,74.82,71,0,4.12
286,Barcelona,ES,2020-12-03 15:13:17,41.39,2.16,55.0,54,0,16.11
287,Rio Gallegos,AR,2020-12-03 15:16:24,-51.62,-69.22,48.2,36,75,32.21
288,Chuy,UY,2020-12-03 15:16:35,-33.7,-53.46,74.86,52,26,5.75
289,Estevan,CA,2020-12-03 15:15:06,49.13,-102.98,24.8,85,1,8.05
290,Nova Olimpia,BR,2020-12-03 15:15:14,-14.8,-57.29,99.54,29,18,7.74
291,Nanchang,CN,2020-12-03 15:17:49,28.68,115.88,44.55,71,64,13.47
292,Airai,TL,2020-12-03 15:16:15,-8.93,125.41,62.67,100,100,1.05
293,Kununurra,AU,2020-12-03 15:16:54,-15.77,128.73,77.0,88,90,21.92
294,Saint George,US,2020-12-03 15:12:40,37.1,-113.58,28.0,42,1,2.68
295,Chifeng,CN,2020-12-03 15:16:38,42.27,118.96,6.39,86,0,7.45
296,Constitucion,CL,2020-12-03 15:16:13,-35.33,-72.42,64.74,37,0,15.79
297,Esperance,AU,2020-12-03 15:16:10,-33.87,121.9,59.0,93,0,10.29
298,Coolum Beach,AU,2020-12-03 15:17:49,-26.53,153.1,71.01,92,92,1.52
299,San Cristobal,VE,2020-12-03 15:17:50,7.77,-72.22,78.8,88,40,4.7
300,Syumsi,RU,2020-12-03 15:17:50,57.11,51.61,9.41,94,0,2.39
301,Udachnyy,RU,2020-12-03 15:17:50,66.42,112.4,8.6,78,90,8.95
302,Muisne,EC,2020-12-03 15:17:50,0.6,-80.03,80.6,78,75,6.93
303,The Pas,CA,2020-12-03 15:17:50,53.83,-101.25,21.2,85,1,6.93
304,Bud,US,2020-12-03 15:17:50,39.45,-86.18,34.0,74,75,3.36
305,Zhezkazgan,KZ,2020-12-03 15:16:48,47.8,67.71,0.03,94,71,3.58
306,Saint-Augustin,CA,2020-12-03 15:16:02,51.23,-58.65,39.51,92,98,10.65
307,Narsaq,GL,2020-12-03 15:16:47,60.92,-46.05,37.4,19,75,21.92
308,Evansville,US,2020-12-03 15:14:48,37.97,-87.56,36.0,73,90,2.42
309,Zhangjiakou,CN,2020-12-03 15:17:50,40.81,114.88,14.25,80,0,5.28
310,Sembakung,ID,2020-12-03 15:17:50,3.82,117.25,75.52,95,27,1.28
311,Quatre Cocos,MU,2020-12-03 15:17:51,-20.21,57.76,79.0,78,40,8.05
312,Iwanai,JP,2020-12-03 15:15:31,42.97,140.51,28.63,94,99,13.4
313,Starobaltachevo,RU,2020-12-03 15:17:51,56.0,55.92,5.43,93,0,1.66
314,Nakhon Nayok,TH,2020-12-03 15:17:51,14.17,101.1,81.0,71,61,7.27
315,Thinadhoo,MV,2020-12-03 15:16:50,0.53,72.93,83.23,76,77,18.88
316,Kahului,US,2020-12-03 15:11:40,20.89,-156.47,73.0,68,1,9.17
317,Ondjiva,AO,2020-12-03 15:17:51,-17.07,15.73,95.0,24,40,2.24
318,Puerto Baquerizo Moreno,EC,2020-12-03 15:17:51,-0.9,-89.6,73.4,88,75,10.29
319,Aripuana,BR,2020-12-03 15:17:51,-9.17,-60.63,81.55,87,98,4.12
320,Fort Smith,US,2020-12-03 15:17:52,35.39,-94.4,43.0,81,90,6.93
321,Whitefish,US,2020-12-03 15:16:32,48.41,-114.34,19.0,85,1,0.92
322,Sambava,MG,2020-12-03 15:16:47,-14.27,50.17,79.32,80,35,4.52
323,Concordia,AR,2020-12-03 15:17:52,-31.39,-58.02,75.2,69,40,6.93
324,Sinnamary,GF,2020-12-03 15:16:48,5.38,-52.95,83.95,72,5,10.71
325,Madang,PG,2020-12-03 15:17:52,-5.22,145.8,75.85,86,100,3.09
326,Ruidoso,US,2020-12-03 15:17:52,33.33,-105.67,19.4,67,1,6.93
327,Careiro Da Varzea,BR,2020-12-03 15:17:52,-3.2,-59.81,87.8,70,40,4.7
328,Springfield,US,2020-12-03 15:15:03,37.22,-93.3,37.0,100,90,6.93
329,Suez,EG,2020-12-03 15:17:52,29.97,32.53,66.78,40,0,4.68
330,Coihaique,CL,2020-12-03 15:15:24,-45.58,-72.07,53.6,46,75,8.05
331,Odessa,UA,2020-12-03 15:17:53,46.48,30.73,39.2,100,90,8.95
332,Pierre,US,2020-12-03 15:16:24,44.37,-100.35,19.4,73,1,12.75
333,Komsomolskiy,UZ,2020-12-03 15:16:28,40.43,71.72,44.6,81,90,1.19
334,Roma,US,2020-12-03 15:17:41,43.21,-75.46,39.0,64,90,6.93
335,Lavrentiya,RU,2020-12-03 15:16:23,65.58,-171.0,10.33,88,0,8.16
336,Broken Hill,AU,2020-12-03 15:17:53,-31.95,141.43,69.8,19,0,5.95
337,Basco,PH,2020-12-03 15:17:53,20.45,121.97,74.12,82,100,43.31
338,Thohoyandou,ZA,2020-12-03 15:17:53,-22.95,30.48,79.12,44,33,5.59
339,Vestmannaeyjar,IS,2020-12-03 15:17:53,63.44,-20.27,23.0,67,20,26.4
340,Agde,FR,2020-12-03 15:17:53,43.31,3.48,53.6,62,75,6.93
341,Kashan,IR,2020-12-03 15:17:54,33.98,51.44,56.05,62,97,4.88
342,Strathmore,CA,2020-12-03 15:17:54,51.05,-113.39,30.99,63,0,10.29
343,Sola,VU,2020-12-03 15:17:54,-13.88,167.55,74.46,92,100,24.79
344,Beloha,MG,2020-12-03 15:17:54,-25.17,45.05,76.87,72,99,12.55
345,Malanje,AO,2020-12-03 15:17:54,-9.54,16.34,77.0,88,90,3.36
346,Jieshi,CN,2020-12-03 15:17:54,22.81,115.83,61.0,63,48,1.99
347,Savannakhet,LA,2020-12-03 15:17:54,16.57,104.75,65.97,69,75,12.84
348,Lyantonde,UG,2020-12-03 15:17:54,-0.4,31.16,73.4,76,55,8.28
349,Derzhavinsk,KZ,2020-12-03 15:17:54,51.1,66.32,2.48,92,100,10.31
350,Shizuishan,CN,2020-12-03 15:17:55,39.23,106.77,13.42,84,0,2.75
351,Bonthe,SL,2020-12-03 15:16:15,7.53,-12.51,84.34,67,70,7.87
352,Karibib,NA,2020-12-03 15:17:55,-21.93,15.83,86.68,13,0,20.65
353,Guaiba,BR,2020-12-03 15:17:55,-30.11,-51.33,82.0,65,40,17.22
354,Bhilwara,IN,2020-12-03 15:16:39,25.35,74.63,69.53,23,0,3.83
355,Agen,FR,2020-12-03 15:17:55,44.2,0.63,53.6,71,0,4.7
356,Hovd,MN,2020-12-03 15:17:55,48.01,91.64,4.21,90,11,1.39
357,Sao Jose Da Coroa Grande,BR,2020-12-03 15:16:43,-8.9,-35.15,84.27,64,21,11.39
358,Chimbote,PE,2020-12-03 15:17:56,-9.09,-78.58,67.68,77,85,9.1
359,Glen Carbon,US,2020-12-03 15:17:56,38.75,-89.98,39.0,80,90,3.0
360,Najran,SA,2020-12-03 15:17:56,17.49,44.13,82.4,30,20,6.93
361,Abong Mbang,CM,2020-12-03 15:17:56,3.98,13.18,92.05,20,87,3.89
362,Slave Lake,CA,2020-12-03 15:17:56,55.28,-114.77,19.4,92,1,6.29
363,Kalmunai,LK,2020-12-03 15:17:57,7.42,81.82,79.74,86,76,6.85
364,Turochak,RU,2020-12-03 15:17:57,52.26,87.12,9.86,92,0,0.76
365,Voghera,IT,2020-12-03 15:17:57,44.99,9.01,36.0,91,7,3.0
366,Vardo,NO,2020-12-03 15:16:37,70.37,31.11,37.4,77,75,28.86
367,Luan,CH,2020-12-03 15:17:57,46.36,6.98,41.0,84,67,2.1
368,Chumikan,RU,2020-12-03 15:17:57,54.72,135.31,2.21,85,100,25.32
369,Daru,PG,2020-12-03 15:16:53,-9.08,143.21,80.58,87,100,13.42
370,Richards Bay,ZA,2020-12-03 15:16:21,-28.78,32.04,73.87,73,6,13.78
371,Garden Acres,US,2020-12-03 15:17:57,37.96,-121.23,39.2,74,1,2.62
372,Varzea Da Palma,BR,2020-12-03 15:17:57,-17.6,-44.73,90.68,43,92,7.49
373,Devils Lake,US,2020-12-03 15:13:38,48.11,-98.87,25.0,79,1,12.75
374,Mamer,LU,2020-12-03 15:17:58,49.63,6.02,37.99,100,75,12.75
375,Aykhal,RU,2020-12-03 15:17:58,66.0,111.5,8.6,78,90,8.95
376,Maputo,MZ,2020-12-03 15:17:58,-25.97,32.59,80.01,61,20,16.11
377,Montes Claros,BR,2020-12-03 15:17:58,-16.73,-43.86,87.8,40,40,8.05
378,Mayskiy,RU,2020-12-03 15:17:58,47.69,40.1,28.4,68,40,17.9
379,Kabompo,ZM,2020-12-03 15:17:58,-13.59,24.2,73.78,86,96,2.62
380,Herat,AF,2020-12-03 15:17:58,34.5,62.0,48.2,76,75,2.24
381,Chiang Klang,TH,2020-12-03 15:17:58,19.29,100.86,67.26,84,50,1.79
382,Saint-Avold,FR,2020-12-03 15:17:58,49.1,6.7,39.99,90,100,1.99
383,Faanui,PF,2020-12-03 15:16:12,-16.48,-151.75,79.05,80,82,15.23
384,Esmeralda,CU,2020-12-03 15:17:59,21.85,-78.12,73.4,88,75,17.22
385,Malm,NO,2020-12-03 15:17:59,64.07,11.22,42.01,60,0,11.41
386,Pathein,MM,2020-12-03 15:14:18,16.78,94.73,75.4,73,17,3.09
387,Carballo,ES,2020-12-03 15:18:00,43.21,-8.69,51.01,86,100,8.01
388,Grand Forks,US,2020-12-03 15:18:00,47.94,-97.43,30.2,74,1,6.93
389,Guozhen,CN,2020-12-03 15:18:00,34.37,107.36,26.69,93,98,1.66
390,Meulaboh,ID,2020-12-03 15:16:21,4.14,96.13,79.3,82,77,1.88
391,Placido De Castro,BR,2020-12-03 15:18:00,-10.34,-67.19,92.82,47,96,3.87
392,South Valley,US,2020-12-03 15:18:00,35.01,-106.68,24.01,79,20,3.36
393,Puerto Escondido,MX,2020-12-03 15:17:46,15.85,-97.07,77.0,83,5,5.82
394,Wagga Wagga,AU,2020-12-03 15:18:01,-35.12,147.37,57.2,47,0,2.35
395,Goderich,CA,2020-12-03 15:15:50,43.75,-81.72,37.4,69,100,17.22
396,Los Llanos De Aridane,ES,2020-12-03 15:16:55,28.66,-17.92,69.8,83,40,4.7
397,Talara,PE,2020-12-03 15:16:31,-4.58,-81.27,71.6,83,0,18.34
398,Rock Sound,BS,2020-12-03 15:18:01,24.9,-76.2,72.25,64,67,16.55
399,Malacacheta,BR,2020-12-03 15:18:01,-17.84,-42.08,80.67,78,54,1.5
400,Sechura,PE,2020-12-03 15:18:01,-5.56,-80.82,73.51,64,15,8.93
401,Wiarton,CA,2020-12-03 15:18:01,44.74,-81.13,37.4,69,90,16.11
402,Tateyama,JP,2020-12-03 15:18:02,34.98,139.87,50.0,87,20,11.41
403,Myaundzha,RU,2020-12-03 15:18:02,63.05,147.19,-27.9,82,63,1.86
404,Namibe,AO,2020-12-03 15:18:02,-15.2,12.15,75.2,69,40,20.8
405,Buala,SB,2020-12-03 15:18:02,-8.14,159.59,79.48,80,95,2.51
406,Delray Beach,US,2020-12-03 15:18:02,26.46,-80.07,73.0,56,40,10.29
407,Marabba,SD,2020-12-03 15:18:02,12.35,32.18,88.54,13,96,9.15
408,Karabulak,RU,2020-12-03 15:18:02,43.3,44.9,35.6,93,90,8.95
409,Altay,CN,2020-12-03 15:16:49,47.87,88.12,12.76,66,0,5.19
410,Ayia Galini,GR,2020-12-03 15:18:03,35.1,24.68,60.01,82,58,9.71
411,Souillac,MU,2020-12-03 15:18:03,-20.52,57.52,78.8,78,40,8.05
412,Coquimbo,CL,2020-12-03 15:12:17,-29.95,-71.34,59.0,77,75,13.87
413,Medea,DZ,2020-12-03 15:17:56,36.26,2.75,62.6,48,20,4.7
414,Vila Franca Do Campo,PT,2020-12-03 15:16:59,37.72,-25.43,60.8,72,75,12.75
415,Bilma,NE,2020-12-03 15:16:45,18.69,12.92,85.6,13,0,7.61
416,Mattru,SL,2020-12-03 15:18:04,7.62,-11.83,87.64,61,75,1.3
417,Promyshlennovskiy,RU,2020-12-03 15:18:04,55.48,86.2,-2.2,84,40,3.74
418,Elko,US,2020-12-03 15:15:05,41.0,-115.5,16.0,72,1,6.93
419,Namatanai,PG,2020-12-03 15:18:04,-3.67,152.43,77.52,86,96,5.17
420,Yanam,IN,2020-12-03 15:18:04,16.73,82.22,80.6,69,75,9.17
421,Sakaiminato,JP,2020-12-03 15:18:04,35.55,133.23,48.2,49,75,9.17
422,Alihe,CN,2020-12-03 15:18:04,50.57,123.72,6.96,91,0,3.31
423,Camargo,MX,2020-12-03 15:18:04,27.67,-105.17,34.47,76,0,7.47
424,Prescott,US,2020-12-03 15:18:04,34.54,-112.47,27.0,44,1,3.36
425,Amurzet,RU,2020-12-03 15:18:04,47.7,131.1,12.2,87,23,9.01
426,Amapa,BR,2020-12-03 15:16:37,1.0,-52.0,87.69,54,39,5.46
427,Nata,PA,2020-12-03 15:18:05,8.33,-80.52,77.0,94,40,3.36
428,Umm Kaddadah,SD,2020-12-03 15:18:05,13.6,26.69,85.03,13,0,9.26
429,Celestun,MX,2020-12-03 15:18:05,20.87,-90.4,72.14,90,59,10.63
430,Csavoly,HU,2020-12-03 15:18:05,46.19,19.15,40.28,80,100,12.01
431,Bintulu,MY,2020-12-03 15:18:05,3.17,113.03,77.0,100,20,3.11
432,Nizhniy Kuranakh,RU,2020-12-03 15:18:05,58.84,125.49,13.57,92,100,13.04
433,Otradnoye,RU,2020-12-03 15:18:05,59.78,30.82,28.4,86,75,11.18
434,Sawai Madhopur,IN,2020-12-03 15:18:05,25.98,76.37,63.64,32,0,2.04
435,Sulangan,PH,2020-12-03 15:18:05,11.14,123.72,82.89,77,55,4.74
436,Pringsewu,ID,2020-12-03 15:18:05,-5.36,104.97,75.06,92,100,2.71
437,Abu Dhabi,AE,2020-12-03 15:17:38,24.47,54.37,78.8,74,0,8.05
438,Zvishavane,ZW,2020-12-03 15:18:05,-20.33,30.07,74.35,63,60,6.96
439,Morehead,US,2020-12-03 15:18:06,37.27,-87.18,35.6,80,90,3.13
440,Salinopolis,BR,2020-12-03 15:18:06,-0.61,-47.36,86.25,64,21,13.06
441,Teahupoo,PF,2020-12-03 15:18:06,-17.83,-149.27,77.0,78,20,4.7
442,Kourou,GF,2020-12-03 15:18:06,5.16,-52.65,87.8,66,40,12.75
443,Beringovskiy,RU,2020-12-03 15:18:06,63.05,179.32,1.31,92,66,3.44
444,Gurgentepe,TR,2020-12-03 15:18:06,40.79,37.6,55.4,100,75,2.24
445,Teya,RU,2020-12-03 15:18:06,60.38,92.63,4.3,91,100,4.41
446,Erenhot,CN,2020-12-03 15:16:37,43.65,111.98,2.8,91,0,8.34
447,Sao Felix Do Xingu,BR,2020-12-03 15:18:06,-6.64,-51.99,89.22,53,100,4.34
448,Waldheim,DE,2020-12-03 15:18:06,51.07,13.02,33.01,74,57,7.47
449,Hofn,IS,2020-12-03 15:16:25,64.25,-15.21,26.6,63,75,32.21
450,Swan River,CA,2020-12-03 15:18:07,52.11,-101.27,23.0,79,24,14.99
451,Guaraniacu,BR,2020-12-03 15:18:07,-25.1,-52.88,71.01,86,100,8.12
452,Villarrica,PY,2020-12-03 15:18:07,-25.75,-56.43,80.26,78,100,6.49
453,Vanavara,RU,2020-12-03 15:18:07,60.34,102.28,10.22,94,100,9.66
454,Salto Del Guaira,PY,2020-12-03 15:18:07,-24.06,-54.31,72.73,89,100,3.36
455,Taunggyi,MM,2020-12-03 15:18:07,20.78,97.03,54.7,98,69,2.98
456,Cockburn Town,TC,2020-12-03 15:18:07,21.46,-71.14,78.8,74,75,4.7
457,Necochea,AR,2020-12-03 15:18:07,-38.55,-58.74,66.99,62,0,5.99
458,Awjilah,LY,2020-12-03 15:18:08,29.11,21.29,71.62,30,6,6.22
459,Pokrovskoye,RU,2020-12-03 15:18:08,47.42,38.9,35.92,83,100,16.96
460,Liuhe,CN,2020-12-03 15:18:08,42.24,125.72,15.94,85,0,5.66
461,Terra Santa,BR,2020-12-03 15:18:08,-2.1,-56.49,92.89,45,65,7.34
462,Tres Arroyos,AR,2020-12-03 15:18:08,-38.37,-60.28,77.31,18,31,5.73
463,Kamakwie,SL,2020-12-03 15:18:08,9.5,-12.23,95.67,39,22,1.43
464,Torres,BR,2020-12-03 15:18:08,-29.34,-49.73,83.53,60,98,7.65
465,Akonolinga,CM,2020-12-03 15:18:08,3.77,12.25,92.68,21,100,2.66
466,Sao Miguel Do Araguaia,BR,2020-12-03 15:18:08,-13.28,-50.16,98.26,29,42,5.17
467,Eyl,SO,2020-12-03 15:18:08,7.98,49.82,79.99,70,78,16.6
468,Vao,NC,2020-12-03 15:16:52,-22.67,167.48,74.12,80,100,14.67
469,Qiongshan,CN,2020-12-03 15:18:09,20.01,110.35,64.4,77,40,8.95
470,Aljezur,PT,2020-12-03 15:18:09,37.32,-8.8,60.01,76,0,1.99
471,Escanaba,US,2020-12-03 15:18:09,45.75,-87.06,33.01,86,90,6.93
472,Elizabeth City,US,2020-12-03 15:16:12,36.29,-76.25,45.0,69,1,2.28
473,Dongli,CN,2020-12-03 15:18:09,23.57,116.82,60.8,59,75,6.71
474,Gat,IL,2020-12-03 15:18:09,31.61,34.76,68.0,57,0,7.31
475,High Prairie,CA,2020-12-03 15:18:09,55.43,-116.49,17.6,92,0,7.29
476,Novobiryusinskiy,RU,2020-12-03 15:18:09,56.96,97.71,11.26,94,100,6.87
477,Terney,RU,2020-12-03 15:18:09,45.05,136.61,14.04,86,11,7.92
478,Balkhash,KZ,2020-12-03 15:18:10,46.84,74.98,15.84,96,96,7.29
479,Zyryanka,RU,2020-12-03 15:18:10,65.75,150.85,-19.93,81,92,9.17
480,Karasjok,NO,2020-12-03 15:18:10,69.47,25.51,39.2,64,75,29.97
481,Unity,CA,2020-12-03 15:18:10,52.45,-109.17,30.87,92,0,8.34
482,Codrington,AU,2020-12-03 15:16:05,-38.27,141.97,46.38,89,7,5.64
483,Turka,UA,2020-12-03 15:18:11,49.15,23.03,30.0,84,48,5.28
484,Punta Alta,AR,2020-12-03 15:18:11,-38.88,-62.07,72.18,31,29,15.19
485,Havant,GB,2020-12-03 15:18:11,50.86,-0.99,46.0,91,100,15.77
486,Prince Rupert,CA,2020-12-03 15:15:17,54.32,-130.32,48.2,70,90,13.87
487,Antofagasta,CL,2020-12-03 15:17:04,-23.65,-70.4,64.4,72,90,6.93
488,Amga,RU,2020-12-03 15:18:11,60.9,131.96,11.46,94,100,8.08
489,Kysyl-Syr,RU,2020-12-03 15:18:11,63.9,122.76,11.7,95,100,9.37
490,Pangody,RU,2020-12-03 15:18:12,65.85,74.49,10.63,95,75,9.93
491,Metro,ID,2020-12-03 15:18:12,-5.11,105.31,76.82,88,100,2.55
492,Praia,CV,2020-12-03 15:18:12,14.92,-23.51,82.4,54,75,11.41
493,Mumford,GH,2020-12-03 15:18:12,5.26,-0.76,82.56,76,48,11.52
494,Dawei,MM,2020-12-03 15:18:12,14.08,98.2,75.69,69,77,8.99
495,Belmonte,BR,2020-12-03 15:18:12,-15.86,-38.88,80.6,78,75,13.87
496,Svetlyy,RU,2020-12-03 15:18:12,54.67,20.13,30.2,86,40,11.18
497,Axim,GH,2020-12-03 15:16:59,4.87,-2.24,82.81,74,41,9.28
498,Aksarka,RU,2020-12-03 15:16:50,66.56,67.8,17.65,94,98,9.35
499,Launceston,AU,2020-12-03 15:18:12,-41.45,147.17,48.2,87,76,10.29
500,Pitkyaranta,RU,2020-12-03 15:18:13,61.57,31.48,31.21,96,100,12.75
501,Kharp,RU,2020-12-03 15:18:13,66.8,65.81,15.84,93,100,8.41
502,General Roca,AR,2020-12-03 15:13:51,-39.03,-67.58,66.2,24,0,11.41
503,Salalah,OM,2020-12-03 15:16:51,17.02,54.09,80.6,74,20,4.7
504,Dingle,PH,2020-12-03 15:18:13,11.0,122.67,77.22,90,100,3.09
505,Belaya Gora,RU,2020-12-03 15:18:13,68.53,146.42,-6.2,92,98,2.46
506,Homer,US,2020-12-03 15:18:13,59.64,-151.55,26.6,53,90,11.41
507,Rosario,AR,2020-12-03 15:14:54,-32.95,-60.64,87.01,64,20,3.36
508,Boyle,US,2020-12-03 15:18:13,37.63,-84.87,37.0,81,1,3.09
509,Oranjemund,NA,2020-12-03 15:18:13,-28.55,16.43,67.51,59,0,22.1
510,Paamiut,GL,2020-12-03 15:18:13,61.99,-49.67,33.15,80,100,10.45
511,Siruguppa,IN,2020-12-03 15:18:14,15.63,76.9,73.8,68,3,7.23
512,Novobirilyussy,RU,2020-12-03 15:18:14,56.95,90.67,4.64,94,99,6.62
513,Zemio,CF,2020-12-03 15:18:14,5.03,25.14,91.9,25,39,3.22
514,Ermelo,ZA,2020-12-03 15:18:14,-26.53,29.98,72.12,41,49,12.62
515,Pangnirtung,CA,2020-12-03 15:16:23,66.15,-65.71,15.8,72,90,2.24
516,Leshukonskoye,RU,2020-12-03 15:18:14,64.9,45.76,28.63,97,100,8.3
517,Yasothon,TH,2020-12-03 15:18:14,15.75,104.13,73.99,68,0,9.17
518,Marystown,CA,2020-12-03 15:18:14,47.17,-55.15,50.04,97,100,6.22
519,Ternate,ID,2020-12-03 15:16:09,0.8,127.4,82.17,74,100,0.49
520,San Quintin,MX,2020-12-03 15:18:14,30.48,-115.95,56.86,34,13,7.16
521,Narrabri,AU,2020-12-03 15:15:19,-30.32,149.78,71.6,78,58,12.75
522,Glushkovo,RU,2020-12-03 15:18:14,51.34,34.63,28.94,97,95,8.95
523,Kluczbork,PL,2020-12-03 15:18:14,50.97,18.22,30.0,62,100,7.65
524,Luganville,VU,2020-12-03 15:18:15,-15.53,167.17,75.04,87,100,6.87
525,Seoul,KR,2020-12-03 15:16:52,37.57,126.98,32.0,54,1,4.7
526,Madingou,CG,2020-12-03 15:18:15,-4.15,13.55,77.4,84,98,1.23
527,Cabo San Lucas,MX,2020-12-03 15:16:30,22.89,-109.91,62.6,51,5,10.29
528,Barra Do Garcas,BR,2020-12-03 15:15:48,-15.89,-52.26,98.44,25,45,6.26
529,Thunder Bay,CA,2020-12-03 15:14:24,48.4,-89.32,30.2,80,75,8.05
530,Tiksi,RU,2020-12-03 15:16:14,71.69,128.87,4.69,91,100,9.35
531,Roald,NO,2020-12-03 15:16:17,62.58,6.13,46.4,49,0,13.87
532,Puerto Castilla,HN,2020-12-03 15:18:17,16.02,-85.97,77.0,88,20,2.24
533,Barabai,ID,2020-12-03 15:18:17,-2.58,115.38,76.42,92,100,2.13
534,Kawalu,ID,2020-12-03 15:15:18,-7.38,108.21,74.97,89,100,0.92
535,Ust-Tsilma,RU,2020-12-03 15:18:17,65.44,52.15,28.62,97,96,7.47
536,Bakel,SN,2020-12-03 15:18:17,14.9,-12.46,100.96,10,13,3.47
537,Wangkui,CN,2020-12-03 15:18:17,46.83,126.5,9.64,92,0,6.08
538,Portobelo,PA,2020-12-03 15:16:25,9.55,-79.65,81.0,88,90,4.0
539,Kurilsk,RU,2020-12-03 15:18:18,45.23,147.88,31.01,90,98,18.81
540,Matagami,CA,2020-12-03 15:16:43,49.75,-77.63,15.8,92,90,6.93
541,Mbandaka,CD,2020-12-03 15:18:18,0.05,18.26,87.31,54,41,0.78
542,Half Moon Bay,US,2020-12-03 15:17:47,37.46,-122.43,48.2,87,90,1.66
543,Greencastle,US,2020-12-03 15:14:21,39.64,-86.86,36.0,80,75,6.93
544,Nantucket,US,2020-12-03 15:15:37,41.28,-70.1,46.99,52,1,14.99
545,La Guardia,BO,2020-12-03 15:18:18,-17.89,-63.33,87.8,66,75,14.99
546,Charters Towers,AU,2020-12-03 15:18:18,-20.1,146.27,69.4,86,100,6.67
547,Hay River,CA,2020-12-03 15:16:48,60.82,-115.8,39.2,59,20,10.29
548,Geraldton,AU,2020-12-03 15:16:30,-28.77,114.6,66.2,82,75,17.22
549,Ratnagiri,IN,2020-12-03 15:18:18,16.98,73.3,78.8,61,71,8.79
550,Juba,SS,2020-12-03 15:18:08,4.85,31.58,90.43,34,78,4.43
551,King City,US,2020-12-03 15:18:19,36.21,-121.13,51.01,77,98,3.22
552,Misratah,LY,2020-12-03 15:18:19,32.38,15.09,69.26,43,0,17.76
553,Riverton,US,2020-12-03 15:13:46,40.52,-111.94,25.0,67,1,5.82
554,Beian,NO,2020-12-03 15:18:19,63.66,9.57,42.8,56,75,25.28
555,Poli,TZ,2020-12-03 15:18:19,-3.33,36.8,77.0,83,75,6.11
556,Zheleznodorozhnyy,RU,2020-12-03 15:18:19,55.75,38.0,23.0,73,0,13.42
557,Port Hedland,AU,2020-12-03 15:16:19,-20.32,118.57,86.0,70,18,2.24
558,Guarapari,BR,2020-12-03 15:16:01,-20.67,-40.5,87.01,66,20,17.22
559,Atar,MR,2020-12-03 15:16:04,20.52,-13.05,86.45,19,83,7.67
560,Ancud,CL,2020-12-03 15:18:19,-41.87,-73.82,50.0,76,90,10.29
561,Koslan,RU,2020-12-03 15:18:20,63.46,48.9,22.71,97,100,6.67
562,College,US,2020-12-03 15:16:57,64.86,-147.8,9.0,93,100,4.56
563,High Level,CA,2020-12-03 15:18:20,58.52,-117.14,14.0,92,5,3.02
564,Kaputa,ZM,2020-12-03 15:18:20,-8.47,29.66,71.28,78,100,5.84
565,Tyup,KG,2020-12-03 15:16:46,42.73,78.36,29.3,89,99,3.65
566,Asfi,MA,2020-12-03 15:18:20,32.3,-9.24,66.47,62,0,9.08
567,Ilebo,CD,2020-12-03 15:18:20,-4.32,20.58,78.31,91,100,1.97
568,La Ronge,CA,2020-12-03 15:16:07,55.1,-105.28,19.4,100,0,1.12
569,Shache,CN,2020-12-03 15:18:20,38.42,77.24,22.73,87,100,3.98
570,Nikel,RU,2020-12-03 15:18:20,69.41,30.22,35.6,80,75,39.15
571,Moose Jaw,CA,2020-12-03 15:18:16,50.4,-105.53,26.6,79,0,3.36
572,Ransang,PH,2020-12-03 15:18:21,8.96,117.58,80.38,77,94,2.33
573,Vitoria Da Conquista,BR,2020-12-03 15:14:57,-14.87,-40.84,80.67,57,85,4.12
574,Sibolga,ID,2020-12-03 15:17:16,1.74,98.78,77.61,80,46,2.98
